year,date,talk,organizer,event,event_link,recording_link,sm_link,image_link,type,location,language,abstract,tags
2025,2025-12-17,Aterrizando la IA a la realidad,SecretarÃ­a de Estado de DigitalizaciÃ³n e Inteligencia Artificial (SEDIA),Impulsando el Ecosistema de IA,https://digital.gob.es/comunicacion/notas-prensa/secretaria-digitalizacion-e-inteligencia-artificial/2025/12/17-12-2025,,https://www.linkedin.com/posts/secretar%C3%ADa-de-estado-de-digitalizaci%C3%B3n-e-inteligencia-artificial_as%C3%AD-ha-sido-la-jornada-impulsando-el-ecosistema-activity-7407357486892224512-m80M,images/events/20251217_sedia_aterrizan_la_ia_a_la_realidad.jpeg,Round Table,"Madrid, Spain ğŸ‡ªğŸ‡¸",Spanish,,
2025,2025-09-27,"Intersecciones crÃ­ticas: inteligencia artificial, sesgos y subjetividades",Ministerio de Cultura,Ministerio de Cultura | XI Encuentro de Cultura y CiudadanÃ­a,https://espaciovirtual.culturayciudadania.es/programa/,,,images/events/20250927_cartel.png,Round Table (Moderator),"Barcelona, Spain ğŸ‡ªğŸ‡¸",Spanish,"Ministerio de Cultura, XI Encuentro de Cultura y CiudadanÃ­a, round table moderator <a href=""https://www.linkedin.com/feed/update/urn:li:activity:7378339754968387584/"" target=""_blank"" class=""text-accent-500 hover:underline"">LinkedIn post</a> <a href=""https://culturayciudadania.cultura.gob.es/encuentro-cultura-ciudadania/2023-redirige/presentacion.html"" target=""_blank"" class=""text-accent-500 hover:underline"">PresentaciÃ³n</a>

Â¿Puede la inteligencia artificial ser una herramienta emancipadora? Â¿O corre el riesgo de amplificar los sesgos y desigualdades que atraviesan nuestras sociedades? A travÃ©s de las voces y experiencias de diferentes proyectos, se propone un cruce entre arte, tecnologÃ­a, pensamiento crÃ­tico y activismo para repensar los imaginarios y estructuras que configuran la IA, y se abordarÃ¡n los modos en que las subjetividades disidentes y los cuerpos no normativos enfrentan los sistemas algorÃ­tmicos y los discursos tecnocientÃ­ficos hegemÃ³nicos. Una invitaciÃ³n a cuestionar los marcos dominantes y abrir espacios de experimentaciÃ³n polÃ­tica, estÃ©tica y social.

","AI Bias, Critical AI, ğŸ‡ªğŸ‡¸"
2025,2025-09-27,Cultura en las Ondas,Ministerio de Cultura,Ministerio de Cultura | XI Encuentro de Cultura y CiudadanÃ­a,"https://medioscomunitarios.net/2025/09/las-radios-comunitarias-se-unen-en-cultura-en-las-ondas-un-programa-realizado-en-el-xi-encuentro-de-cultura-y-ciudadania/ ","https://cuacfm.org/radioco/programmes/cultura-en-las-ondas/1x1/ ",,images/events/20250917_cultura_en_las_ondas.jpg,Radio,"Barcelona, Spain ğŸ‡ªğŸ‡¸",Spanish,,
2025,2025-10-16,Fundamentals of NLP for small businesses,Galician Supercomputing Center (CESGA),Galician Supercomputing Center (CESGA) | AI Hackathon EuroCC2,https://cesga.es/hackathon-eurocc2-de-ia-para-pymes,,,images/logos/CESGA_square.jpg,Workshop,Spain (Remote) ğŸ‡ªğŸ‡¸,Spanish,"Galician Supercomputing Center (CESGA), 2h workshop part of the AI Hackathon EuroCC2","NLP, Small Business, ğŸ‡ªğŸ‡¸"
2025,2025-10,Deep Learning for NLP,"National University of AsunciÃ³n, Paraguay (UNA)","National University of AsunciÃ³n, Paraguay (UNA) | Diplomado en PLN e IA",https://pol.una.py/extension/formacion-continua/diplomados/diplomado-en-procesamiento-de-lenguaje-natural-e-inteligencia-artificial,,,images/logos/UNA.jpeg,Module,Paraguay (Remote) ğŸ‡µğŸ‡¾,Spanish,"National University of AsunciÃ³n, Paraguay (UNA), 20h undergrad module in NLP Degree","Deep Learning, NLP, ğŸ‡µğŸ‡¾"
2025,2025-10-20,"Explorando la diversidad del espaÃ±ol, porque el espaÃ±ol no es solo uno",Unkown Focus,"Unkown Focus, Communication That Matters",https://unknownfocus.com/explorando-la-diversidad-del-espanol-porque-el-espanol-no-es-solo-uno/,,,images/events/251020_unkown_focus.jpg,Blog Article (Featured),Remote ğŸŒ,Spanish,,
2025,2025-06,LLM Grooming: CÃ³mo se estÃ¡ intentando engaÃ±ar a la IA en espaÃ±ol,SecretarÃ­a General Iberoamericana (SEGIB) & Maldita.es,"SecretarÃ­a General Iberoamericana (SEGIB) & Maldita.es | PabellÃ³n Iberoamericano, Feria del Libro",https://exteriores.gob.es/es/PoliticaExterior/Documents/250527_Programa%20Pabell%c3%b3n%20Iberoamericano.pdf,,,images/events/20250613_cartel.png,Round Table,"Madrid, Spain ğŸ‡ªğŸ‡¸",Spanish,"SecretarÃ­a General Iberoamericana (SEGIB) & Maldita.es, PabellÃ³n Iberoamericano, Feria del Libro","LLM Security, AI Safety, ğŸ‡ªğŸ‡¸"
2025,2025-08,Natural Language Processing,International University of AndalucÃ­a (UNIA),International University of AndalucÃ­a (UNIA) | Summer School: Fundamentos de Inteligencia Artificial: Modelos Generativos y Aplicaciones Avanzadas,https://unia.es/estudios-y-acceso/oferta-academica/cursos-de-verano/fundamentos-de-inteligencia-artificial-modelos-generativos-y-aplicaciones-avanzadas,,,images/logos/UNIA_square.png,Workshop,"Baeza, Spain ğŸ‡ªğŸ‡¸",Spanish,"El Procesamiento del Lenguaje Natural (PLN) es un campo interdisciplinario que combina la inteligencia artificial y la lingÃ¼Ã­stica que permite que las mÃ¡quinas interpreten y generen lenguaje natural. Esta sesiÃ³n tiene como objetivo brindar una introducciÃ³n accesible al PLN. Motivaremos la sesiÃ³n explicando casos de uso y aplicaciones reales. Exploraremos los elementos bÃ¡sicos del procesamiento de texto, desde la representaciÃ³n del lenguaje, hasta los enfoques mÃ¡s recientes en modelado lingÃ¼Ã­stico. Hablaremos de los populares pequeÃ±os modelos de lenguaje (small language models), que destacan por su eficiencia, y abordaremos el gran reto de cÃ³mo evaluar los modelos de lenguaje generativos.","NLP, Summer School, ğŸ‡ªğŸ‡¸"
2025,2025-06-24,La Gala COTEC,COTEC,La Gala COTEC,https://cotec.es/informes/la-gala-2025/,https://www.youtube.com/watch?v=vQX4OT1pp9c,https://agenciaefe.es/gala-cotec-2025/,images/events/20250624_gala01.jpg,Gala,"Madrid, Spain ğŸ‡ªğŸ‡¸",,,
2025,2025-04,RLHF & Model Alignment,National Center of Artificial Intelligence (CENIA),National Center of Artificial Intelligence (CENIA) | Diplomado de PLN,https://diplomado.cenia.cl/,,,images/logos/CENIA_square.jpeg,Guest Lecture,Chile (Remote) ğŸ‡¨ğŸ‡±,Spanish,"National Center of Artificial Intelligence (CENIA), 4h undergrad masterclass","RLHF, Model Alignment, ğŸ‡ªğŸ‡¸"
2025,2025-04,How to impulse the development of LLMs in Spanish,University of Chile (UChile),University of Chile (UChile),,,,images/logos/UChile_color.png,Talk,"Santiago de Chile, Chile ğŸ‡¨ğŸ‡±",Spanish,"University of Chile (UChile), talk","LLMs, Spanish, ğŸ‡¨ğŸ‡±"
2025,2025-03-10,SomosNLP: Promoting NLP in Ibero America,KHIPU,KHIPU 2025,,,https://www.linkedin.com/posts/viviana-cotik-4815046_english-below-la-semana-pasada-tuve-el-activity-7308497550905401346-86Iz,images/events/20250310_khipu.png,Presentation,"Santiago de Chile, Chile ğŸ‡¨ğŸ‡±",Spanish,,
2025,2025-02,Promoting inclusive NLP: Why and how to engage the community,Mohamed bin Zayed University of Artificial Intelligence (MBZUAI),Mohamed bin Zayed University of Artificial Intelligence (MBZUAI),,,,images/logos/MBZUAI.png,Talk,"Abu Dhabi, UAE ğŸ‡¦ğŸ‡ª",English,"As language technologies become deeply integrated into society, it is essential to ensure they represent the linguistic and cultural diversity of the global community. In recent years, there has been increasing interest in the creation of multilingual datasets, often developed through international and cross-institutional collaborations.
In this presentation, MarÃ­a will provide an overview of community-driven efforts to promote inclusive Large Language Models (LLMs). As the founder of SomosNLPâ€”the largest open-source community for Spanish-speaking NLP practitionersâ€”a Hugging Face Fellow, and a contributor to multilingual projects such as BLOOM and the INCLUDE benchmark, she will share insights into the challenges and benefits of involving the community in building responsible LLMs.
The talk will cover best practices for effectively engaging diverse communities in NLP projects and highlight ongoing collaborative initiatives that attendees may be interested in joining.","Inclusive NLP, Community, ğŸ‡¦ğŸ‡ª"
2024,2024-12-17,Evaluation of Large Language Models (LLMs),Universidad PolitÃ©cnica de Madrid,"Universidad PolitÃ©cnica de Madrid (UPM), Entaina, IEEE - SecciÃ³n EspaÃ±a & SomosNLP",https://somosnlp.org/blog/evento-eval-llm-upm,,,images/events/241217_evaluacion_llms_upm.png,Workshop,"Madrid, Spain ğŸ‡ªğŸ‡¸",Spanish,Universidad PolitÃ©cnica de Madrid,Inclusive AI
2024,2024-12-18,2024: The Year of AI,Carne Cruda,Carne Cruda | Mundos Posibles,,https://www.eldiario.es/carnecruda/programas/ia-no-lista-todavia_132_11909156.html,,images/events/241218_carne_cruda_1.png,Radio (Featured),Spain (Remote) ğŸ‡ªğŸ‡¸,Spanish,Carne Cruda,Inclusive AI
2024,2024-12-14,Synthetic Data Generation and LLM Evaluation,Universidad Nacional AutÃ³noma de MÃ©xico (UNAM),Universidad Nacional AutÃ³noma de MÃ©xico (UNAM) | Bachelor's Degree in Data Science for Social Sciences and Humanities,https://www.acatlan.unam.mx/index.php?id=1805,,,images/events/241214_unam_header.png,Guest Lecture,Mexico (Remote) ğŸ‡²ğŸ‡½,Spanish,"Diplomado ""IntroducciÃ³n a la Ciencia de Datos: Herramientas para el Aprendizaje Automatizado en las Ciencias Sociales y Humanidades""","Synthetic Data, LLM Evaluation"
2024,2024-11-30,Open-Source Responsible AI with Hugging Face,EFELIA CÃ´te d'Azur,EFELIA CÃ´te d'Azur | Hackathon Soc[IA]l 2024,https://univ-cotedazur.fr/efelia-cote-dazur/hackathon-social-2024-efelia-cote-dazur,,,images/events/241130_hackathon_efelia.png,Workshop,"Nice, France (Hybrid) ğŸ‡«ğŸ‡·",English,EFELIA CÃ´te d'Azur,Inclusive AI
2024,2024-11-22,Lottery and Artificial Intelligence: AI cannot predict the winning ticket and it's not a matter of time,Radio TelevisiÃ³n EspaÃ±ola (RTVE),Radio TelevisiÃ³n EspaÃ±ola (RTVE),,https://www.rtve.es/rtve/20241122/loteria-navidad-2024-por-que-chatgpt-no-puede-predecir-ganador/16331285.shtml,https://www.linkedin.com/posts/mariagrandury_ia-activity-7265744033543569408-mZ5l,images/events/241122_loteria_rtve.jpeg,Article (Featured),Spain (Remote) ğŸ‡ªğŸ‡¸,Spanish,ArtÃ­culo de Radio TelevisiÃ³n EspaÃ±ola: LoterÃ­a de Navidad e Inteligencia Artificial: la IA no puede predecir el nÃºmero ganador y no es cuestiÃ³n de tiempo,NLP
2024,2024-11-13,"Interview with MarÃ­a Grandury: AI does not think, that's marketing","Cadena SER, Radio Bierzo","Cadena SER, Radio Bierzo",,https://cadenaser.com/castillayleon/2024/11/13/maria-grandury-experta-en-ia-la-inteligencia-artificial-no-piensa-eso-es-marketing-radio-bierzo/,https://www.linkedin.com/posts/mariagrandury_mi-primera-entrevista-en-la-radio-siempre-activity-7262818610593550336-EsLS,images/events/241113_entrevista_radio_bierzo.jpg,Radio Interview,"El Bierzo, Spain ğŸ‡ªğŸ‡¸",Spanish,Entrevista en Radio Bierzo,NLP
2024,2024-11-01,AI Value Chain Workshop: Fostering Responsible Innovation in Open-Source AI. Led by: Laura Galindo-Romero (Meta),"AI Policy Summit 2024, RegHorizon & ETH","AI Policy Summit 2024, RegHorizon & ETH | Invitation-Only Workshop",https://reghorizon.com/ai-policy-summit-2024/,,,images/events/241101_ai_policy_summit.jpg,Workshop Attendee,"Zurich, Switzerland ğŸ‡¨ğŸ‡­",English,AI Policy Summit 2024,AI Policy
2024,2024-10-29,The technology that makes us dream,Prodigioso VolcÃ¡n,Prodigioso VolcÃ¡n | IA Bajo el VolcÃ¡n,https://eventos.prodigiosovolcan.com/evento/iabajoelvolcan/,,https://www.linkedin.com/posts/sergiogonzalezjimenez_great-session-yesterday-organized-by-prodigioso-activity-7257423983296331776-_5Xx,images/events/241029_prodigioso_volcan_2.jpg,Round Table,"Madrid, Spain ğŸ‡ªğŸ‡¸",Spanish,Prodigioso VolcÃ¡n,Inclusive AI
2024,2024-08-19,TÃ©cnicas avanzadas y aplicaciones de NLP. Alineamiento y evaluaciÃ³n de LLMs.,Universidad Internacional de AndalucÃ­a,Universidad Internacional de AndalucÃ­a,,,,images/events/240819_unia.jpeg,Summer School Masterclass,"Baeza, Spain ğŸ‡ªğŸ‡¸",Spanish,"
TÃ©cnicas avanzadas y aplicaciones de PLN: CuantizaciÃ³n, extracciÃ³n de informaciÃ³n de documentos y RAG (MarÃ­a & Manu)

EvaluaciÃ³n y alineaciÃ³n de LLMs generativos (MarÃ­a)

","AI Alignment, LLM Evaluation"
2024,2024-07-02,European LLM Multilingual Evaluation Expert Workshop,European Commission & European Language Data Space,European Commission & European Language Data Space | Invitation-Only Discussion,https://ec.europa.eu/newsroom/lds/items/839625/en,,,images/events/240702_european_language_data_space.jpeg,Workshop,EU (Remote) ğŸ‡ªğŸ‡º,English,European LLM Multilingual Evaluation Expert Workshop,"Responsible AI, Explainable AI"
2024,2024-06-07,Machines that reflect us: Building AI systems responsibly,Women in Data Science Zurich,Women in Data Science Zurich,https://www.wids.ch/,https://www.youtube.com/@widszurich2931,https://www.linkedin.com/posts/eribertsou_datascience-ai-womenintech-activity-7204860688698122240-yl8u,images/events/240607_wids_pic.jpeg,Round Table,"Zurich, Switzerland ğŸ‡¨ğŸ‡­",English,Women in Data Science Zurich,"Responsible AI, Explainable AI"
2024,2024-06-07,Open-Source LLMs and the Hugging Face ecosystem,Women in Data Science Zurich,Women in Data Science Zurich,https://www.wids.ch/,,,images/events/240607_wids.jpeg,Mentorship Session,"Zurich, Switzerland ğŸ‡¨ğŸ‡­",English,,"Open Source, LLMs"
2024,2024-05-13,CÃ³mo podemos desarrollar IA con impacto social,,"Datathon contra el Bullying, RÃ­o Cuarto, Argentina",,https://www.youtube.com/watch?v=fH0C-Ez08Q0,https://www.linkedin.com/posts/mariagrandury_datathon-ia-evenetovirtual-activity-7193353853172383744-6gZc,images/events/240513_datathon.jpeg,Keynote,"RÃ­o Cuarto, Argentina (Remote) ğŸ‡¦ğŸ‡·",Spanish,Datathon Argentina,AI for Good
2024,2024-05-12,SomosNLP: La larga marcha de un grupo de voluntarios por lograr un modelo de lenguaje hispano,El PaÃ­s,El PaÃ­s,,,https://www.linkedin.com/posts/mariagrandury_la-larga-marcha-de-un-grupo-de-voluntarios-activity-7202311429297692672-F-oA,images/events/240512_elpais_screenshot.png,Newspaper Interview,"Madrid, Spain ğŸ‡ªğŸ‡¸",Spanish,El PaÃ­s,"AI in Spanish, ğŸ‡ªğŸ‡¸"
2024,2024-03-13,Proyecto #Somos600M: Impulsando la diversidad lingÃ¼Ã­stica en IA,SomosNLP,Hackathon #Somos600M,,https://www.youtube.com/watch?v=QCNPVy3QWFs&list=PLTA-KAy8nxaASMwEUWkkTfMaDxWBxn-8J,,images/events/240313_somos600m.png,Keynote,Remote ğŸŒ,Spanish,Hackathon #Somos600M,"NLP in Spanish, Open-Source, ğŸ‡ªğŸ‡¸"
2024,2024-03-01,CÃ³digo Abierto y Diversidad LingÃ¼Ã­stica en IA: Impulsando el Futuro del EspaÃ±ol desde la Universidad,Universidad de Puerto Rico,"I Congreso de IA en la EducaciÃ³n Superior, Universidad de Puerto Rico",https://adistancia.upr.edu/inteligencia_artificial/,,,images/events/240301_upr.jpeg,Talk,"San Juan, Puerto Rico ğŸ‡µğŸ‡·",Spanish,"La actual revoluciÃ³n de la inteligencia artificial demanda una reflexiÃ³n profunda sobre la importancia del cÃ³digo abierto y la diversidad. En esta charla, descubriremos cÃ³mo los proyectos de cÃ³digo abierto estÃ¡n impulsando este avance y destacaremos la relevancia de la diversidad lingÃ¼Ã­stica en la IA, enfocÃ¡ndonos en el espaÃ±ol, una lengua con una riqueza extraordinaria Discutiremos la necesidad de recursos abiertos de alta calidad para el espaÃ±ol y cÃ³mo esto puede ser impulsado desde las universidades, haciendo hincapiÃ© en cÃ³mo la integraciÃ³n de proyectos en los currÃ­culos universitarios no solo enriquece la educaciÃ³n, sino que tambiÃ©n prepara a las nuevas generaciones para contribuir de manera significativa y responsable al desarrollo de la IA.","Open-Source, Responsible AI, ğŸ‡ªğŸ‡¸"
2024,2024-01-31,"How to promote inclusive, responsible and open-source AI",Opground,Discovering Tech Stories #123,,https://www.youtube.com/watch?v=XYnd6Cbow7U,,images/events/240131_techientrevista.jpeg,Podcast Interview,Remote ğŸŒ,Spanish,Techientrevista Opground,"Career, Open-Source, ğŸ‡ªğŸ‡¸"
2023,2023-11-14,The impact of Generative AI in the European creative industry,"EFE, Panodyssey, European Commission","EFE, Panodyssey, European Commission",https://efecomunica.efe.com/factor-humano-ia-evitar-riesgos/,https://www.youtube.com/watch?v=GdwXx3wmWBw,,images/events/231114_efe_camera.png,Round Table,"Madrid, Spain ğŸ‡ªğŸ‡¸",Spanish,EFE,"Responsible AI, AI Risks, ğŸ‡ªğŸ‡¸"
2023,2023-11-01,Women Entrepreneurs,,UU Prize @ European Parliament Madrid,,,,images/events/231101_parlamento_madrid.jpeg,Round Table,"Madrid, Spain ğŸ‡ªğŸ‡¸",Spanish,Parlamento Europeo Madrid,"Responsible AI, Linguistic diversity, ğŸ‡ªğŸ‡¸"
2023,2023-11-25,"InnovaciÃ³n y responsabilidad en LMs: CÃ³mo cumplir con el EU AI Act, mitigar sesgos y reducir el impacto climÃ¡tico",Google,Google DevFest Cloud Madrid,,,,images/events/231125_devfest_cartel.png,Workshop,"Madrid, Spain ğŸ‡ªğŸ‡¸",Spanish,Google DevFest Cloud Madrid,"EU AI Act, Explainability, Bias, ğŸ‡ªğŸ‡¸"
2023,2023-10-24,Responsible AI as a key driver for the future of robotics & Humanities,"IE University Robotics & AI Club, OdiseIA","IE University Robotics & AI Club, OdiseIA",https://www.ie.edu/cgc/news-and-events/events/responsible-ai/,,https://www.linkedin.com/posts/mariagrandury_trustworthyai-responsibleai-aiinspanish-activity-7128788336776744960-bgY0,images/events/231024_bias_everywhere.jpg,Keynote,"Madrid, Spain ğŸ‡ªğŸ‡¸",English,"Organized by IE University Robotics & AI Club and OdiseIA, in collaboration with IE Center for the Governance of Change, IE Arts & Humanities.",Responsible AI
2023,2023-09-23,Women Entrepreneurs,,UU Prize @ European Parliament Brussels,,,,images/events/230923_parlamento_bruselas.jpeg,Round Table,"Brussels, Belgium ğŸ‡§ğŸ‡ª",Spanish,Parlamento Europeo Bruselas,"Responsible AI, Linguistic diversity, ğŸ‡ªğŸ‡¸"
2023,2023-08-22,"I've trained my LM, now what?",Universidad Internacional de AndalucÃ­a,Universidad Internacional de AndalucÃ­a | Summer School 'Applied Artificial Intelligence',,,,images/events/230822_curso_unia.jpeg,Summer School Masterclass,"Baeza, Spain ğŸ‡ªğŸ‡¸",Spanish,Universidad Internacional de AndalucÃ­a,"Bias, Explainability, Open-Source, ğŸ‡ªğŸ‡¸"
2023,2023-05-29,IA y EspaÃ±ol,IE Center for the Governance of Change & Clibrain,IE Center for the Governance of Change & Clibrain,https://www.eventbrite.com/e/entradas-inteligencia-artificial-y-espanol-637934588527,https://www.youtube.com/live/epPXlt520Eo?si=5hm5ARxnl_QD1Dqu&t=30667,https://www.sepln.org/actualidad/noticias/la-sepln-participa-en-la-mesa-redonda-del-hackathon-de-ia-en-espanol,images/events/230529_mesa_redonda.png,Round Table,"Madrid, Spain ğŸ‡ªğŸ‡¸",Spanish,"Acto de clausura del Hackathon organizado por IE Center for the Governance of Change y Clibrain (https://www.ie.edu/es/universidad/noticias-eventos/noticias/neural-nomads-ganador-hackaton-ia-espanol-ie-university-clibrain). El evento incluirÃ¡ una mesa redonda de expertos: Guillermo Escribano, director general del espaÃ±ol en el mundo en el MAUEC, MarÃ­a Grandury, fundadora de SomosNLP.org, y Alfonso UreÃ±a LÃ³pez, presidente en Sociedad EspaÃ±ola para el Procesamiento del Lenguaje Natural (SEPLN), nos hablarÃ¡n sobre la importancia del espaÃ±ol como lengua nativa del IA, las implicaciones econÃ³micas y culturales de su uso, y la forma de paliar el actual retraso con respecto al inglÃ©s. El panel estarÃ¡ moderado por David Villalon, Co-Founder de Clibrain.","AI in Spanish, NLP, ğŸ‡ªğŸ‡¸"
2023,2023-03-20,Hackathon SomosNLP 2023: Los LLMs hablan espaÃ±ol,SomosNLP,SomosNLP,https://somosnlp.org/hackathon,https://www.youtube.com/playlist?list=PLTA-KAy8nxaCDc0IJpLac-3csiAepV546,,images/projects/230320_hackathon_llms.jpg,"Organizer, Host & Speaker",Remote ğŸŒ,Spanish,"The democratization of NLP in Spanish is the main goal of our community and one of the best ways to advance towards this goal is to create more NLP resources in our language. With this hackathon we encourage you to join our effort. We invite you to train and put into production a Spanish NLP model. <br /> <br /> <a href=""https://somosnlp.org/hackathon"" target=""_blank"" class=""text-accent-500 hover:underline"">Â¡Organizamos el mayor hackathon open-source de PLN en espaÃ±ol!</a>","NLP in Spanish, Open-Source, Hackathon, ğŸ‡ªğŸ‡¸"
2023,2023-03-14,Customer service in times of ChatGPT,BBVA,BBVA Spark,https://www.bbvaspark.com/contenido/en/news/customer-service-in-times-of-chatgpt-these-startups-boost-your-business-with-conversational-ai/,,https://www.linkedin.com/posts/bbva-spark_ia-conversacional-para-impulsar-tu-negocio-activity-7042081892346527744-Ho_V,images/events/230314_bbva_post.jpg,Blog Article (Featured),Remote ğŸŒ,English,BBVA Spart Blog article,"ChatGPT, ğŸ‡¬ğŸ‡§"
2023,2023-03-02,Bias detection and mitigation in Language Models,Women Who Code,Women Who Code CONNECT Empower 2023,https://hopin.com/events/connect-2023/registration,,,images/events/230302_wwc_connect.png,Workshop,Remote ğŸŒ,Spanish,WomenWhoCodeCONNECT,"Bias in NLP, Open-Source, ğŸ‡ªğŸ‡¸"
2022,2022-12-21,Interview With MarÃ­a Grandury on Artificial Intelligence and NLP,Pangeanic,Pangeanic Blog,,https://blog.pangeanic.com/interview-with-mar%C3%ADa-grandury-on-artificial-intelligence-and-nlp,,images/events/221221_podcast_pangeanic.png,Interview,Remote ğŸŒ,English,"At the young age of 25, MarÃ­a Grandury has already made a name for herself in the field of Artificial Intelligence in Spain.","NLP in Spanish, Open-Source, ğŸ‡¬ğŸ‡§"
2022,2022-12-21,Â¡A por el 2023! De dÃ³nde venimos y a dÃ³nde vamos,SomosNLP,SomosNLP,,https://somosnlp.org/blog/a-por-el-2023,,images/logos/SomosNLP.svg,Blog Post,Remote ğŸŒ,Spanish,Almost two years ago I was looking for resources to implement an NLP project in Spanish and I couldn't find anything. I created a Slack group with a couple of people who had encountered the same problem; I never imagined that group would become what SomosNLP is today.,"NLP in Spanish, Open-Source, ğŸ‡ªğŸ‡¸"
2022,2022-12-21,"Hola MarÃ­a, Â¿hablamos de NLP?",Pangeanic,Pangea AI & Languages,,https://open.spotify.com/episode/6uQbVuo35PvSmHkM5XffrB,,images/events/221221_podcast_pangeanic.png,Podcast Interview,Remote ğŸŒ,Spanish,"MarÃ­a Grandury es muy joven pero ya se ha hecho un hueco dentro del Ã¡mbito de la Inteligencia Artificial en EspaÃ±a. Tiene 25 aÃ±os y hace solo dos, en plena pandemia, estaba finalizando sus estudios de doble grado de MatemÃ¡tica y FÃ­sica. Durante los aÃ±os de carrera tuvo la oportunidad de realizar un Erasmus en ParÃ­s y fue uno de sus profesores el que le brindÃ³ la ocasiÃ³n de acercarse al mundo de la Inteligencia Artificial. <a href=""https://blog.pangeanic.com/es/entrevista-a-mar%C3%ADa-grandury-sobre-inteligencia-artificial-y-pln"" target=""_blank"" class=""text-accent-500 hover:underline"">Entrevista ES</a> <a href=""https://blog.pangeanic.com/interview-with-mar%C3%ADa-grandury-on-artificial-intelligence-and-nlp"" target=""_blank"" class=""text-accent-500 hover:underline"">Entrevista EN</a>","NLP in Spanish, Podcast, ğŸ‡ªğŸ‡¸"
2022,2022-09-28,El estado del arte de la industria de PLN en nuestro paÃ­s y fuera,PERTE de la Nueva EconomÃ­a de la Lengua,Primer foro del PERTE de la Nueva EconomÃ­a de la Lengua,,https://www.youtube.com/watch?v=XdHnsBbXbWc&t=7370s,https://twitter.com/PERTE_Lengua/status/1567902042353442816?s=20&t=kR1vwhuxmGig2UrbH4WvDw,images/events/220928_perte_sota_nlp.jfif,Round Table,"Alicante, Spain ğŸ‡ªğŸ‡¸",Spanish,"El PERTE de la Nueva economÃ­a de la Lengua es una oportunidad para aprovechar el potencial del espaÃ±ol y de las lenguas cooficiales como factor de crecimiento econÃ³mico y competitividad internacional en Ã¡reas como la inteligencia artificial, la traducciÃ³n, el aprendizaje, la divulgaciÃ³n cultural, la producciÃ³n audiovisual, la investigaciÃ³n y la ciencia. <br /> <br /> <a href=""https://www.youtube.com/watch?v=XdHnsBbXbWc&t=5593s"" target=""_blank"" class=""text-accent-500 hover:underline"">1. Â¿CÃ³mo se puede avanzar el estado del arte del NLP en espaÃ±ol?</a> <br /> <a href=""https://www.youtube.com/watch?v=XdHnsBbXbWc&t=7370s"" target=""_blank"" class=""text-accent-500 hover:underline"">2. Â¿CuÃ¡l crees que serÃ­a el proyecto mÃ¡s importante a nivel internacional que deberÃ­amos implementar?</a>","NLP, SOTA NLP, Round Table, ğŸ‡ªğŸ‡¸"
2022,2022-09-21,Hackathon Objetivos de Desarrollo Sostenibles,SomosNLP,SomosNLP | Hackathon,https://somosnlp.org/blog/hackathon-2022,https://www.youtube.com/playlist?list=PLTA-KAy8nxaAbVZ2lVcycHnJ2qEDip7hG,,images/projects/hackathon_pln_es_3.png,"Hackathon Organizer, Host & Speaker",Remote ğŸŒ,Spanish,"The democratization of NLP in Spanish is the main goal of our community and one of the best ways to advance towards this goal is to create more NLP resources in our language. With this hackathon we encourage you to join our effort. We invite you to train and put into production a Spanish NLP model. <br /> <br /> <a href=""https://somosnlp.org/blog/hackathon-2022"" target=""_blank"" class=""text-accent-500 hover:underline"">Â¡Organizamos el mayor hackathon open-source de PLN en espaÃ±ol!</a> With more than 500 participants from 39 countries, it is the largest open-source hackathon of NLP in Spanish. The recorded events have already more than 5k visualizations! Organized by SomosNLP and sponsored by Hugging Face, Platzi and Paperspace.","NLP in Spanish, Open-Source, Hackathon, ğŸ‡ªğŸ‡¸"
2022,2022-09-21,PLN con SomosNLP y Hugging Face,AI The New Sexy,AI The New Sexy,,https://open.spotify.com/episode/38Y2K2gAe8IujRZOMjv1BH?si=S8VO6ifPT4WYWLbSLr91tg,,images/logos/AITheNewSexy.jpeg,Podcast Interview,Remote ğŸŒ,Spanish,"AI The New Sexy is a podcast where you can find information about Artificial Intelligence and its impact on everyday life and on business. In this episode we interview MarÃ­a Grandury, founder of SomosNLP (formerly NLP en ES), an open community for Spanish-speaking professionals and researchers advancing and democratizing NLP in their language.","NLP in Spanish, Career, Open-Source, Interview, ğŸ‡ªğŸ‡¸"
2021,2021-11-30,TecnologÃ­as del Lenguaje en la Empresa,DiverTLes: Diversidad en TecnologÃ­as del Lenguaje en EspaÃ±a,DiverTLes: Diversidad en TecnologÃ­as del Lenguaje en EspaÃ±a,https://gplsi.dlsi.ua.es/pln/divertles,https://www.youtube.com/watch?v=yvPLMc3-KnI,,images/events/211130_divertles.jfif,Round Table,Spain (Remote) ğŸ‡ªğŸ‡¸,Spanish,"Three professionals working in NLP in a company discuss how they use NLP for real-world applications. MarÃ­a works in Germany at neurocat, a startup specialized in Explainable AI and Robustness that develops a tool to assess the quality and trustworthiness of any ML model. Muntsa works in France at Eloquant, a company that develops software used to extract information from text and audio to improve the customer relationship. Melania works in Spain at Adecco Outsourcing and is currently developing NLP solutions for Google products, mainly Google Assistant but also Google Maps, Google Home and GMail.","NLP, NLP in Production, Research, Women in AI"
2021,2022-01-27,IAs que hablan espaÃ±ol,Saturdays.AI,Saturdays.AI,https://saturdays.ai/2022/01/27/3x07-maria-grandury-ai-que-hablan-espanol/,https://www.youtube.com/watch?v=O5QkrbOrxd4,,images/logos/SaturdaysAIPodcast.jpg,Podcast Interview,Remote ğŸŒ,Spanish,"Interview for the Saturdays.AI Podcast where I discuss with its founder Miguel Guerrero how I became an ML Research Engineer, what are we doing at BigScience <a href=""https://bigscience.huggingface.co/"" target=""_blank"" class=""text-accent-500 hover:underline"">BigScience,</a> and how I founded <a href=""https://somosnlp.org"" target=""_blank"" class=""text-accent-500 hover:underline"">SomosNLP,</a> amongst other topics like privacy, AI regulation and why most of the AI-related movies picture AI as ""the bad guy"".","My Story, NLP, AI Regulation, Interview, ğŸ‡ªğŸ‡¸"
2021,2021-07-13,II. Sequential Models,SomosNLP & Spain AI,NLP de 0 a 100 con Hugging Face | Course by SomosNLP & Spain AI,https://somosnlp.org/nlp-de-cero-a-cien,https://somosnlp.org/nlp-de-cero-a-cien/sesion-03,,images/events/210713_nlp_de_cero_a_cien.jpeg,Course,Remote ğŸŒ,Spanish,"Understand all the key concepts and architectures of state-of-the-art NLP and apply them to common use cases using one of the most popular libraries in the field: Hugging Face. Regardless of your current knowledge, you will finish the course talking about Word Embeddings, Sequential Models, Attention Mechanisms, Transformers and Language Modelling. <br /> <br /> This course was organized by <a href=""https://somosnlp.org"" target=""_blank"" class=""text-accent-500 hover:underline"">SomosNLP</a> with the support of <a href=""https://www.spain-ai.com/"" target=""_blank"" class=""text-accent-500 hover:underline"">Spain AI.</a>","NLP, Sequential Models, Transformers, NLP Demos, Course, ğŸ‡ªğŸ‡¸"
2021,2021-07-13,III. The Transformer Architecture,SomosNLP & Spain AI,NLP de 0 a 100 con Hugging Face | Course by SomosNLP & Spain AI,https://somosnlp.org/nlp-de-cero-a-cien,https://somosnlp.org/nlp-de-cero-a-cien/sesion-03,,images/events/210713_nlp_de_cero_a_cien.jpeg,Course,Remote ğŸŒ,Spanish,"Understand all the key concepts and architectures of state-of-the-art NLP and apply them to common use cases using one of the most popular libraries in the field: Hugging Face. Regardless of your current knowledge, you will finish the course talking about Word Embeddings, Sequential Models, Attention Mechanisms, Transformers and Language Modelling. <br /> <br /> This course was organized by <a href=""https://somosnlp.org"" target=""_blank"" class=""text-accent-500 hover:underline"">SomosNLP</a> with the support of <a href=""https://www.spain-ai.com/"" target=""_blank"" class=""text-accent-500 hover:underline"">Spain AI.</a>","NLP, Sequential Models, Transformers, NLP Demos, Course, ğŸ‡ªğŸ‡¸"
2021,2021-06-22,"3 Engineering, Robotics & AI experts Taking Center Stage","Women in AI & Robotics, NASA JPL, UniBremen, DFKI","Women in AI & Robotics, NASA JPL, UniBremen, DFKI",https://www.eventbrite.de/e/3-engineering-robotics-ai-experts-taking-center-stage-tickets-158193696605,https://www.youtube.com/watch?v=f2f1RL3M6xc,,images/events/210622_wair_3_engineers.avif,Round Table,Germany (Remote) ğŸ‡©ğŸ‡ª,English,"AI and Robotics go hand in hand, whether exploring space or enabling humanoid robots to walk on the Moon. As a cutting edge branch of technology, having women representation in AI and Robotics is extremely important - both for the progress of the field and to encourage younger generations to join in as well. <br /> <br /> Join us as our very own Maria Grandury, herself a Machine Learning Research Engineer, interviews Sandra Hernandez, Systems Engineer at NASA JPL, and Mihaela Popescu, Researcher at University of Bremen/DFKI (German Research Center for Artificial Intelligence) and Bremen Women in AI & Robotics core team member. Discover their journeys into the technical world, their fascinating work at NASA and DFKI Robotics and their advice for women who wish to enter STEM related fields.","Women in Robotics, Women Engineers, Round Table, ğŸ‡¬ğŸ‡§"
2021,2021-06-14,Is Your ML Model Trustworthy?,MLOps World Conference,MLOps World Conference 2021,https://mlopsworld.com/,https://twitter.com/MLOpsWorld/status/1405179157265489927,,images/events/210614_mlops_world.jpg,Workshop,Canada (Remote) ğŸ‡¨ğŸ‡¦,English,"In recent years, Machine Learning models and architectures have become increasingly complex. This growing complexity makes it more difficult to deliver high quality in terms of model performance, robustness and explainability. The introduction of automated evaluations of the trustworthiness of a model is one solution to guarantee that your clients can rely on your model's predictions. This talk will guide you through the different AI quality pillars, their importance and how to evaluate them.","MLOps, AI Robustness, AI Explainability, Talk, ğŸ‡¬ğŸ‡§"
2021,2021-06-10,Hands-on NLP with Hugging Face,WomenTech Global Conference,WomenTech Global Conference 2021,,https://www.womentech.net/speaker/Maria/Grandury/57995,,images/events/210610_wtn.png,Workshop,US (Remote) ğŸ‡ºğŸ‡¸,English,"Hands-on introduction to the state-of-the-art Hugging Face NLP libraries. Natural Language Processing (NLP) has evolved greatly and become increasingly popular in recent years, especially since the introduction in 2017 of the Transformer architecture. Thanks to the open-source Hugging Face libraries, we all have access to cutting-edge NLP models that can be easily used to address a wide range of tasks.","NLP, Transformers, Hugging Face, Workshop, ğŸ‡¬ğŸ‡§"
2021,2021-03-08,Meet 8 International Inspirational Women on March 8,Women in AI & Robotics,Women in AI & Robotics,,https://medium.com/womeninairobotics/inspirational-women-in-ai-85b80cb4999f,,images/events/210308_meet_8_women.png,Blog Post,Germany (Remote) ğŸ‡©ğŸ‡ª,English,Blog article published on the Medium account of Women in AI & Robotics about 8 international inspirational women working in the fields of AI & Robotics.,"Women in AI, Women in Robotics, ğŸ‡¬ğŸ‡§"
2021,2021-05-06,WAIR Kick-Off Event,Women in AI & Robotics,Women in AI & Robotics,,https://www.youtube.com/watch?v=in5tEluYTSs,,images/events/210506_wair_kick_off.avif,Round Table,Germany (Remote) ğŸ‡©ğŸ‡ª,English,"The field of Artificial Intelligence and Robotics is challenging and rapidly growing and yet women are under-represented. We are on a mission to change that. Come join us in this event where five of our members will talk about what motivated to enter this field, their experiences, challenges, support systems, sources of inspiration and what we do at Women in AI & Robotics.","Women in AI, Women in STEM, Round Table, ğŸ‡¬ğŸ‡§"

